{
    "code": 0,
    "msg": "success",
    "data": [
        {
            "year": "2013",
            "value": 30
        },
        {
            "year": "2014",
            "value": 4
        },
        {
            "year": "2015",
            "value": 35
        },
        {
            "year": "2016",
            "value": 50
        },
        {
            "year": "2017",
            "value": 49
        },
        {
            "year": "2018",
            "value": 60
        },
        {
            "year": "2019",
            "value": 70
        },
        {
            "year": "2020",
            "value": 90
        },
        {
            "year": "2021",
            "value": 130
        }
    ]
}