{
    "code": 0,
    "msg": "success",
    "data": [
        {
            "key": "1",
            "sort": 1,
            "planName": "剖析React内部运行机制推广",
            "showChangeNum": 32,
            "showChangeRatio": 66,
            "currentShow": 121,
            "contemporaryShow": 125,
            "operation": "暂停推广"
        },
        {
            "key": "2",
            "sort": 2,
            "planName": "搞定大型项目状态管理",
            "showChangeNum": 32,
            "showChangeRatio": 66,
            "currentShow": 121,
            "contemporaryShow": 125,
            "operation": "推广中"
        }
    ]
}